name,# values created,time (p),noise values per second
All.2D.value.grid.fnl x262144,262144.0,0.003391053984,77304578
All.2D.value.grid.pure-noise x262144,262144.0,0.00438659585,59760235
All.2D.value.freq001.fnl x262144,262144.0,0.003381346484,77526512
All.2D.value.freq001.pure-noise x262144,262144.0,0.004363269568,60079716
All.2D.value.random.fnl x262144,262144.0,0.003387199454,77392549
All.2D.value.random.pure-noise x262144,262144.0,0.004394633974,59650929
All.2D.valueCubic.grid.fnl x262144,262144.0,0.009888419409,26510202
All.2D.valueCubic.grid.pure-noise x262144,262144.0,0.0121745899,21532059
All.2D.valueCubic.freq001.fnl x262144,262144.0,0.009820009393,26694882
All.2D.valueCubic.freq001.pure-noise x262144,262144.0,0.012176066073,21529449
All.2D.valueCubic.random.fnl x262144,262144.0,0.009813025337,26713881
All.2D.valueCubic.random.pure-noise x262144,262144.0,0.0121608329,21556418
All.2D.perlin.grid.fnl x262144,262144.0,0.003976320156,65926281
All.2D.perlin.grid.pure-noise x262144,262144.0,0.004505341721,58185153
All.2D.perlin.freq001.fnl x262144,262144.0,0.003980106987,65863556
All.2D.perlin.freq001.pure-noise x262144,262144.0,0.004504090118,58201322
All.2D.perlin.random.fnl x262144,262144.0,0.003975539,65939234
All.2D.perlin.random.pure-noise x262144,262144.0,0.004503729987,58205976
All.2D.openSimplex2.grid.fnl x262144,262144.0,0.004564926515,57425677
All.2D.openSimplex2.grid.pure-noise x262144,262144.0,0.006870799187,38153349
All.2D.openSimplex2.freq001.fnl x262144,262144.0,0.005571196268,47053449
All.2D.openSimplex2.freq001.pure-noise x262144,262144.0,0.006915542131,37906500
All.2D.openSimplex2.random.fnl x262144,262144.0,0.010217751505,25655742
All.2D.openSimplex2.random.pure-noise x262144,262144.0,0.010631619931,24657013
All.2D.smootherSimplex2.grid.fnl x262144,262144.0,0.006406332525,40919511
All.2D.smootherSimplex2.grid.pure-noise x262144,262144.0,0.007934744524,33037484
All.2D.smootherSimplex2.freq001.fnl x262144,262144.0,0.006424708293,40802475
All.2D.smootherSimplex2.freq001.pure-noise x262144,262144.0,0.008059692193,32525311
All.2D.smootherSimplex2.random.fnl x262144,262144.0,0.013817491651,18971894
All.2D.smootherSimplex2.random.pure-noise x262144,262144.0,0.015683938837,16714168
All.2D.cellular.grid.fnl x262144,262144.0,0.009479630368,27653398
All.2D.cellular.grid.pure-noise x262144,262144.0,0.008863420162,29575941
All.2D.cellular.freq001.fnl x262144,262144.0,0.009486480587,27633430
All.2D.cellular.freq001.pure-noise x262144,262144.0,0.008865607924,29568643
All.2D.cellular.random.fnl x262144,262144.0,0.009483779261,27641301
All.2D.cellular.random.pure-noise x262144,262144.0,0.008861099825,29583686
All.3D.value.grid.fnl x262144,262144.0,0.006596285668,39741153
All.3D.value.grid.pure-noise x262144,262144.0,0.008239096856,31817079
All.3D.value.freq001.fnl x262144,262144.0,0.006585097637,39808673
All.3D.value.freq001.pure-noise x262144,262144.0,0.008237007774,31825149
All.3D.value.random.fnl x262144,262144.0,0.006573821925,39876954
All.3D.value.random.pure-noise x262144,262144.0,0.008236448012,31827311
All.3D.valueCubic.grid.fnl x262144,262144.0,0.032519513099,8061129
All.3D.valueCubic.grid.pure-noise x262144,262144.0,0.03320707495,7894221
All.3D.valueCubic.freq001.fnl x262144,262144.0,0.032524993123,8059771
All.3D.valueCubic.freq001.pure-noise x262144,262144.0,0.033197412902,7896518
All.3D.valueCubic.random.fnl x262144,262144.0,0.032525534173,8059637
All.3D.valueCubic.random.pure-noise x262144,262144.0,0.033373974074,7854743
All.3D.perlin.grid.fnl x262144,262144.0,0.007624929518,34379858
All.3D.perlin.grid.pure-noise x262144,262144.0,0.010788493912,24298479
All.3D.perlin.freq001.fnl x262144,262144.0,0.007627070937,34370206
All.3D.perlin.freq001.pure-noise x262144,262144.0,0.010776000874,24326649
All.3D.perlin.random.fnl x262144,262144.0,0.007634741562,34335674
All.3D.perlin.random.pure-noise x262144,262144.0,0.010773431988,24332450
All.3D.openSimplex2.grid.fnl x262144,262144.0,0.009492850299,27614888
All.3D.openSimplex2.grid.pure-noise x262144,262144.0,0.011084307449,23650011
All.3D.openSimplex2.freq001.fnl x262144,262144.0,0.010556887424,24831561
All.3D.openSimplex2.freq001.pure-noise x262144,262144.0,0.013654632175,19198173
All.3D.openSimplex2.random.fnl x262144,262144.0,0.018287934862,14334259
All.3D.openSimplex2.random.pure-noise x262144,262144.0,0.0233847636,11210034
All.3D.smootherSimplex2.grid.fnl x262144,262144.0,0.011840805075,22139035
All.3D.smootherSimplex2.grid.pure-noise x262144,262144.0,0.012518804511,20940018
All.3D.smootherSimplex2.freq001.fnl x262144,262144.0,0.012174002637,21533098
All.3D.smootherSimplex2.freq001.pure-noise x262144,262144.0,0.01410111445,18590303
All.3D.smootherSimplex2.random.fnl x262144,262144.0,0.019723019301,13291271
All.3D.smootherSimplex2.random.pure-noise x262144,262144.0,0.029132844027,8998228
All.3D.cellular.grid.fnl x262144,262144.0,0.027957024902,9376677
All.3D.cellular.grid.pure-noise x262144,262144.0,0.031131283525,8420597
All.3D.cellular.freq001.fnl x262144,262144.0,0.027960593499,9375480
All.3D.cellular.freq001.pure-noise x262144,262144.0,0.031142238651,8417635
All.3D.cellular.random.fnl x262144,262144.0,0.027996828351,9363346
All.3D.cellular.random.pure-noise x262144,262144.0,0.031166368499,8411117
