Name,Mean (ps),2*Stdev (ps),Allocated,Copied,Peak Memory
All.2D.value.grid.fnl x262144,3391053984,35025942,118,15,159383552
All.2D.value.grid.pure-noise x262144,4386595850,85767546,37,60,159383552
All.2D.value.freq001.fnl x262144,3381346484,62214572,98,7,159383552
All.2D.value.freq001.pure-noise x262144,4363269568,86103486,37,60,159383552
All.2D.value.random.fnl x262144,3387199454,28807522,101,15,159383552
All.2D.value.random.pure-noise x262144,4394633974,43886454,26,29,159383552
All.2D.valueCubic.grid.fnl x262144,9888419409,161964788,106,29,159383552
All.2D.valueCubic.grid.pure-noise x262144,12174589900,176381936,58,119,159383552
All.2D.valueCubic.freq001.fnl x262144,9820009393,120579156,117,59,159383552
All.2D.valueCubic.freq001.pure-noise x262144,12176066073,186763552,58,118,159383552
All.2D.valueCubic.random.fnl x262144,9813025337,170606452,138,118,159383552
All.2D.valueCubic.random.pure-noise x262144,12160832900,187562278,58,117,159383552
All.2D.perlin.grid.fnl x262144,3976320156,60503596,106,29,159383552
All.2D.perlin.grid.pure-noise x262144,4505341721,54661700,26,29,159383552
All.2D.perlin.freq001.fnl x262144,3980106987,42825356,298,29,159383552
All.2D.perlin.freq001.pure-noise x262144,4504090118,89290442,37,58,159383552
All.2D.perlin.random.fnl x262144,3975539000,49210964,106,29,159383552
All.2D.perlin.random.pure-noise x262144,4503729987,85982710,37,57,159383552
All.2D.openSimplex2.grid.fnl x262144,4564926515,43570414,106,28,159383552
All.2D.openSimplex2.grid.pure-noise x262144,6870799187,94592804,37,57,159383552
All.2D.openSimplex2.freq001.fnl x262144,5571196268,105578212,117,57,159383552
All.2D.openSimplex2.freq001.pure-noise x262144,6915542131,119448432,37,57,159383552
All.2D.openSimplex2.random.fnl x262144,10217751505,146113848,117,57,159383552
All.2D.openSimplex2.random.pure-noise x262144,10631619931,105581034,37,57,159383552
All.2D.smootherSimplex2.grid.fnl x262144,6406332525,88103258,117,56,159383552
All.2D.smootherSimplex2.grid.pure-noise x262144,7934744524,89357134,37,56,159383552
All.2D.smootherSimplex2.freq001.fnl x262144,6424708293,96789570,117,56,159383552
All.2D.smootherSimplex2.freq001.pure-noise x262144,8059692193,89946338,37,56,159383552
All.2D.smootherSimplex2.random.fnl x262144,13817491651,204590936,138,112,159383552
All.2D.smootherSimplex2.random.pure-noise x262144,15683938837,111920176,37,56,159383552
All.2D.cellular.grid.fnl x262144,9479630368,112861702,117,55,159383552
All.2D.cellular.grid.pure-noise x262144,8863420162,167902654,58,111,159383552
All.2D.cellular.freq001.fnl x262144,9486480587,118394432,117,55,159383552
All.2D.cellular.freq001.pure-noise x262144,8865607924,104989568,37,55,159383552
All.2D.cellular.random.fnl x262144,9483779261,168177856,138,110,159383552
All.2D.cellular.random.pure-noise x262144,8861099825,168779082,58,110,159383552
All.3D.value.grid.fnl x262144,6596285668,107929998,181,54,171966464
All.3D.value.grid.pure-noise x262144,8239096856,90888922,37,54,171966464
All.3D.value.freq001.fnl x262144,6585097637,110694754,565,54,171966464
All.3D.value.freq001.pure-noise x262144,8237007774,91944682,37,54,171966464
All.3D.value.random.fnl x262144,6573821925,110635220,181,54,171966464
All.3D.value.random.pure-noise x262144,8236448012,88748532,37,54,171966464
All.3D.valueCubic.grid.fnl x262144,32519513099,422798308,245,215,171966464
All.3D.valueCubic.grid.pure-noise x262144,33207074950,409333032,101,214,171966464
All.3D.valueCubic.freq001.fnl x262144,32524993123,459547746,245,214,171966464
All.3D.valueCubic.freq001.pure-noise x262144,33197412902,395016724,101,213,171966464
All.3D.valueCubic.random.fnl x262144,32525534173,398945720,245,213,171966464
All.3D.valueCubic.random.pure-noise x262144,33373974074,665793600,101,212,171966464
All.3D.perlin.grid.fnl x262144,7624929518,133609560,181,52,171966464
All.3D.perlin.grid.pure-noise x262144,10788493912,181161248,58,105,171966464
All.3D.perlin.freq001.fnl x262144,7627070937,93925614,181,52,171966464
All.3D.perlin.freq001.pure-noise x262144,10776000874,152544836,37,52,171966464
All.3D.perlin.random.fnl x262144,7634741562,114396260,181,52,171966464
All.3D.perlin.random.pure-noise x262144,10773431988,171390024,58,104,171966464
All.3D.openSimplex2.grid.fnl x262144,9492850299,187749326,202,104,171966464
All.3D.openSimplex2.grid.pure-noise x262144,11084307449,179189656,58,103,171966464
All.3D.openSimplex2.freq001.fnl x262144,10556887424,199416064,202,103,171966464
All.3D.openSimplex2.freq001.pure-noise x262144,13654632175,198296018,58,103,171966464
All.3D.openSimplex2.random.fnl x262144,18287934862,237915010,202,102,171966464
All.3D.openSimplex2.random.pure-noise x262144,23384763600,336012592,101,204,171966464
All.3D.smootherSimplex2.grid.fnl x262144,11840805075,203784222,202,102,171966464
All.3D.smootherSimplex2.grid.pure-noise x262144,12518804511,189193040,58,102,171966464
All.3D.smootherSimplex2.freq001.fnl x262144,12174002637,212699648,202,101,171966464
All.3D.smootherSimplex2.freq001.pure-noise x262144,14101114450,239517092,58,101,171966464
All.3D.smootherSimplex2.random.fnl x262144,19723019301,374136768,245,201,171966464
All.3D.smootherSimplex2.random.pure-noise x262144,29132844027,421733930,101,200,171966464
All.3D.cellular.grid.fnl x262144,27957024902,339973674,245,199,171966464
All.3D.cellular.grid.pure-noise x262144,31131283525,358129430,101,199,171966464
All.3D.cellular.freq001.fnl x262144,27960593499,375542582,245,198,171966464
All.3D.cellular.freq001.pure-noise x262144,31142238651,394147454,101,198,171966464
All.3D.cellular.random.fnl x262144,27996828351,367130716,245,197,171966464
All.3D.cellular.random.pure-noise x262144,31166368499,370700374,101,196,171966464
